{
    "dataset": "proteins",
    "mode": "both",
    "metrics": {
        "trained": {
            "5": {
                "lsh": {
                    "Precision@k": 0.6268194070080862,
                    "Recall@k": 0.004624764952649081,
                    "MAP": 0.0037744599379313792,
                    "Approx Quality": 0.5919137466307277,
                    "Query Time(ms)": 0.22166865641001848
                },
                "bf": {
                    "Precision@k": 0.6546271338724168,
                    "Recall@k": 0.005795474401408253,
                    "MAP": 0.005047947818739969,
                    "Query Time(ms)": 0.09483018654054709
                }
            },
            "10": {
                "lsh": {
                    "Precision@k": 0.6346510931416591,
                    "Recall@k": 0.01024164390227568,
                    "MAP": 0.007895455498442706,
                    "Approx Quality": 0.6860736747529201,
                    "Query Time(ms)": 0.21698297087608537
                },
                "bf": {
                    "Precision@k": 0.6107816711590296,
                    "Recall@k": 0.010511420245719943,
                    "MAP": 0.008369031470837552,
                    "Query Time(ms)": 0.09370749851442733
                }
            },
            "20": {
                "lsh": {
                    "Precision@k": 0.647663971248877,
                    "Recall@k": 0.021897161411434135,
                    "MAP": 0.016573256668317063,
                    "Approx Quality": 0.7262803234501348,
                    "Query Time(ms)": 0.2158673518644403
                },
                "bf": {
                    "Precision@k": 0.6307726864330637,
                    "Recall@k": 0.02215153085931055,
                    "MAP": 0.01635115404791671,
                    "Query Time(ms)": 0.09316682601339199
                }
            }
        },
        "untrained": {
            "5": {
                "lsh": {
                    "Precision@k": 0.20522611560347406,
                    "Recall@k": 0.0009619984583189851,
                    "MAP": 0.0009097668052146688,
                    "Approx Quality": 0.09344115004492365,
                    "Query Time(ms)": 0.042586956384047026
                },
                "bf": {
                    "Precision@k": 0.676909254267745,
                    "Recall@k": 0.005961192989325074,
                    "MAP": 0.005157183020665647,
                    "Query Time(ms)": 0.07739157046911851
                }
            },
            "10": {
                "lsh": {
                    "Precision@k": 0.20361385644404512,
                    "Recall@k": 0.0011628170798504665,
                    "MAP": 0.0010930374202994877,
                    "Approx Quality": 0.062264150943396226,
                    "Query Time(ms)": 0.0414595556816108
                },
                "bf": {
                    "Precision@k": 0.672596585804133,
                    "Recall@k": 0.011819897024142857,
                    "MAP": 0.009757873128245748,
                    "Query Time(ms)": 0.07663540013288446
                }
            },
            "20": {
                "lsh": {
                    "Precision@k": 0.20383529817492083,
                    "Recall@k": 0.0012208476039061197,
                    "MAP": 0.0011462687166646725,
                    "Approx Quality": 0.036298292902066494,
                    "Query Time(ms)": 0.04120999804939757
                },
                "bf": {
                    "Precision@k": 0.6668912848158132,
                    "Recall@k": 0.02340690719935,
                    "MAP": 0.018534975885502257,
                    "Query Time(ms)": 0.07643339768895563
                }
            }
        }
    }
}