{
    "dataset": "proteins",
    "mode": "both",
    "gt_meta": {
        "type": "ged",
        "method": "exact",
        "threshold": 60.5
    },
    "metrics": {
        "trained": {
            "5": {
                "lsh": {
                    "Precision@k": 0.8027103923330338,
                    "Recall@k": 0.005822460608190578,
                    "MAP": 0.005381071277540479,
                    "Approx Quality": 0.7793351302785264,
                    "Query Time(ms)": 0.2478927721981518
                },
                "bf": {
                    "Precision@k": 0.8050314465408805,
                    "Recall@k": 0.007327193047372021,
                    "MAP": 0.0067349466475442364,
                    "Query Time(ms)": 0.10064284435179678
                },
                "index": {
                    "construction_time_s": 0.0447,
                    "table_mem_bytes": 28976,
                    "table_mem_kb": 28.3
                }
            },
            "10": {
                "lsh": {
                    "Precision@k": 0.7894721830031803,
                    "Recall@k": 0.012472218035014786,
                    "MAP": 0.011298699124343841,
                    "Approx Quality": 0.8693620844564242,
                    "Query Time(ms)": 0.24164183548947016
                },
                "bf": {
                    "Precision@k": 0.7964959568733153,
                    "Recall@k": 0.014274298975391266,
                    "MAP": 0.012833926135675314,
                    "Query Time(ms)": 0.10185186003953191
                },
                "index": {
                    "construction_time_s": 0.0447,
                    "table_mem_bytes": 28976,
                    "table_mem_kb": 28.3
                }
            },
            "20": {
                "lsh": {
                    "Precision@k": 0.7771595673467445,
                    "Recall@k": 0.02537424892298937,
                    "MAP": 0.02237070554082884,
                    "Approx Quality": 0.9101078167115904,
                    "Query Time(ms)": 0.2563625226016529
                },
                "bf": {
                    "Precision@k": 0.7833782569631627,
                    "Recall@k": 0.027719263112251133,
                    "MAP": 0.02425761653119564,
                    "Query Time(ms)": 0.10194954096681881
                },
                "index": {
                    "construction_time_s": 0.0447,
                    "table_mem_bytes": 28976,
                    "table_mem_kb": 28.3
                }
            }
        },
        "untrained": {
            "5": {
                "lsh": {
                    "Precision@k": 0.6637466307277629,
                    "Recall@k": 0.005003271977760994,
                    "MAP": 0.0041944427893906905,
                    "Approx Quality": 0.7992812219227313,
                    "Query Time(ms)": 0.3077743938134151
                },
                "bf": {
                    "Precision@k": 0.6594788858939802,
                    "Recall@k": 0.0061950547634099,
                    "MAP": 0.005066313329000886,
                    "Query Time(ms)": 0.09855769929431735
                },
                "index": {
                    "construction_time_s": 0.0612,
                    "table_mem_bytes": 3192,
                    "table_mem_kb": 3.12
                }
            },
            "10": {
                "lsh": {
                    "Precision@k": 0.6470000998302885,
                    "Recall@k": 0.010880919941211728,
                    "MAP": 0.00839454397531361,
                    "Approx Quality": 0.8996406109613658,
                    "Query Time(ms)": 0.2661353280066587
                },
                "bf": {
                    "Precision@k": 0.6471698113207547,
                    "Recall@k": 0.012061922072746681,
                    "MAP": 0.009201571872569992,
                    "Query Time(ms)": 0.08984803082379583
                },
                "index": {
                    "construction_time_s": 0.0612,
                    "table_mem_bytes": 3192,
                    "table_mem_kb": 3.12
                }
            },
            "20": {
                "lsh": {
                    "Precision@k": 0.6333758925615927,
                    "Recall@k": 0.022384722191677454,
                    "MAP": 0.016057012745414715,
                    "Approx Quality": 0.949820305480683,
                    "Query Time(ms)": 0.2587482078805874
                },
                "bf": {
                    "Precision@k": 0.6323899371069183,
                    "Recall@k": 0.02355124210956877,
                    "MAP": 0.016793962468440206,
                    "Query Time(ms)": 0.08331261983564707
                },
                "index": {
                    "construction_time_s": 0.0612,
                    "table_mem_bytes": 3192,
                    "table_mem_kb": 3.12
                }
            }
        }
    }
}