{
    "dataset": "proteins",
    "gt_type": "ged",
    "w_grid_search": {
        "0.5": {
            "Recall@10": 0.01607721249393067,
            "build_ms": 41.05353355407715,
            "query_ms": 0.11573396287522875
        },
        "1.0": {
            "Recall@10": 0.01652934903509742,
            "build_ms": 30.838727951049805,
            "query_ms": 0.16511667956103077
        },
        "2.0": {
            "Recall@10": 0.01616511925910294,
            "build_ms": 30.355453491210938,
            "query_ms": 0.21159111916481912
        },
        "4.0": {
            "Recall@10": 0.016207178124691215,
            "build_ms": 30.15422821044922,
            "query_ms": 0.22872289021809897
        }
    },
    "best_w": 1.0,
    "L_ablation": {
        "5": {
            "build_time_s": 0.0169,
            "memory_kb": 13.5,
            "metrics": {
                "5": {
                    "Precision@k": 0.8011380652890087,
                    "Recall@k": 0.005784355080256739,
                    "MAP": 0.0053678959709969245,
                    "Approx Quality": 0.77214734950584,
                    "Query Time(ms)": 0.1428697094227533,
                    "BF Time(ms)": 0.0874535628299079
                },
                "10": {
                    "Precision@k": 0.7872188707768222,
                    "Recall@k": 0.012452920737629181,
                    "MAP": 0.011316670903653885,
                    "Approx Quality": 0.8586702605570531,
                    "Query Time(ms)": 0.14412585187365318,
                    "BF Time(ms)": 0.08765620791151624
                },
                "20": {
                    "Precision@k": 0.7751989715175983,
                    "Recall@k": 0.02529096921637197,
                    "MAP": 0.02236704748295186,
                    "Approx Quality": 0.8978885893980234,
                    "Query Time(ms)": 0.14527917229583,
                    "BF Time(ms)": 0.08813497298275792
                }
            }
        },
        "10": {
            "build_time_s": 0.0339,
            "memory_kb": 23.56,
            "metrics": {
                "5": {
                    "Precision@k": 0.804806828391734,
                    "Recall@k": 0.005890892392415319,
                    "MAP": 0.005440994199149649,
                    "Approx Quality": 0.7838274932614554,
                    "Query Time(ms)": 0.19909815004251075,
                    "BF Time(ms)": 0.08537248781106543
                },
                "10": {
                    "Precision@k": 0.7918228297608352,
                    "Recall@k": 0.012765316116731438,
                    "MAP": 0.011509062041527608,
                    "Approx Quality": 0.8752920035938905,
                    "Query Time(ms)": 0.19886208780156742,
                    "BF Time(ms)": 0.08540997500903737
                },
                "20": {
                    "Precision@k": 0.7793315649110798,
                    "Recall@k": 0.02577662900541815,
                    "MAP": 0.022667282954562232,
                    "Approx Quality": 0.9179245283018869,
                    "Query Time(ms)": 0.1989392043231097,
                    "BF Time(ms)": 0.08551493916335881
                }
            }
        },
        "20": {
            "build_time_s": 0.0679,
            "memory_kb": 60.03,
            "metrics": {
                "5": {
                    "Precision@k": 0.8021114106019767,
                    "Recall@k": 0.005872509654170463,
                    "MAP": 0.005430370228459398,
                    "Approx Quality": 0.787780772686433,
                    "Query Time(ms)": 0.2352154586942798,
                    "BF Time(ms)": 0.07868905594406744
                },
                "10": {
                    "Precision@k": 0.7895053409204352,
                    "Recall@k": 0.012603404947139015,
                    "MAP": 0.011418603525780604,
                    "Approx Quality": 0.8793351302785266,
                    "Query Time(ms)": 0.2351394132355367,
                    "BF Time(ms)": 0.07889512842663322
                },
                "20": {
                    "Precision@k": 0.7767622016256573,
                    "Recall@k": 0.02556928723081421,
                    "MAP": 0.02257750060248449,
                    "Approx Quality": 0.9217430368373766,
                    "Query Time(ms)": 0.23583217665405823,
                    "BF Time(ms)": 0.07922137415526904
                }
            }
        }
    },
    "K_fixed": 4
}