{
    "dataset": "mutag",
    "mode": "both",
    "metrics": {
        "trained": {
            "5": {
                "lsh": {
                    "Precision@k": 0.8404255319148937,
                    "Recall@k": 0.03410260809883321,
                    "MAP": 0.03301232555479296,
                    "Approx Quality": 0.7521276595744679,
                    "Query Time(ms)": 0.04984596942333465
                },
                "bf": {
                    "Precision@k": 0.824468085106383,
                    "Recall@k": 0.04281056966369253,
                    "MAP": 0.04086450469000229,
                    "Query Time(ms)": 0.017271396961617978
                }
            },
            "10": {
                "lsh": {
                    "Precision@k": 0.8096926713947991,
                    "Recall@k": 0.07172271791352093,
                    "MAP": 0.0667706222559946,
                    "Approx Quality": 0.8356382978723407,
                    "Query Time(ms)": 0.04943634601349526
                },
                "bf": {
                    "Precision@k": 0.8095744680851064,
                    "Recall@k": 0.0839910775566232,
                    "MAP": 0.07732208903923042,
                    "Query Time(ms)": 0.01714838312027302
                }
            },
            "20": {
                "lsh": {
                    "Precision@k": 0.7929670468411328,
                    "Recall@k": 0.13799759780370627,
                    "MAP": 0.12653199821201233,
                    "Approx Quality": 0.8207446808510639,
                    "Query Time(ms)": 0.04947312334750561
                },
                "bf": {
                    "Precision@k": 0.7968085106382979,
                    "Recall@k": 0.16437886067261495,
                    "MAP": 0.14874998417895477,
                    "Query Time(ms)": 0.01712428762557659
                }
            }
        },
        "untrained": {
            "5": {
                "lsh": {
                    "Precision@k": 0.8257978723404256,
                    "Recall@k": 0.03405971173644474,
                    "MAP": 0.03225091512239762,
                    "Approx Quality": 0.7702127659574467,
                    "Query Time(ms)": 0.04601224939873878
                },
                "bf": {
                    "Precision@k": 0.8212765957446807,
                    "Recall@k": 0.043153740562800275,
                    "MAP": 0.04061785060626859,
                    "Query Time(ms)": 0.01817941665649414
                }
            },
            "10": {
                "lsh": {
                    "Precision@k": 0.8209958628841608,
                    "Recall@k": 0.07451098146877144,
                    "MAP": 0.06839470917628089,
                    "Approx Quality": 0.8138297872340428,
                    "Query Time(ms)": 0.04575353987673496
                },
                "bf": {
                    "Precision@k": 0.8249999999999998,
                    "Recall@k": 0.08699382292381608,
                    "MAP": 0.07971577414997114,
                    "Query Time(ms)": 0.018145175690346575
                }
            },
            "20": {
                "lsh": {
                    "Precision@k": 0.7984644992109091,
                    "Recall@k": 0.14108613589567606,
                    "MAP": 0.1263611902265678,
                    "Approx Quality": 0.760372340425532,
                    "Query Time(ms)": 0.04633056356551799
                },
                "bf": {
                    "Precision@k": 0.7936170212765957,
                    "Recall@k": 0.16497940974605355,
                    "MAP": 0.14787501425267607,
                    "Query Time(ms)": 0.01821112125477892
                }
            }
        }
    }
}