{
    "dataset": "mutag",
    "mode": "both",
    "gt_meta": {
        "type": "ged",
        "method": "exact",
        "threshold": 21.0
    },
    "metrics": {
        "trained": {
            "5": {
                "lsh": {
                    "Precision@k": 0.9680851063829787,
                    "Recall@k": 0.042399546801961494,
                    "MAP": 0.042399546801961494,
                    "Approx Quality": 0.6989361702127659,
                    "Query Time(ms)": 0.046506841131981384
                },
                "bf": {
                    "Precision@k": 0.971276595744681,
                    "Recall@k": 0.06636407047353944,
                    "MAP": 0.06368642897600349,
                    "Query Time(ms)": 0.019130554605037608
                },
                "index": {
                    "construction_time_s": 0.0071,
                    "table_mem_bytes": 22800,
                    "table_mem_kb": 22.27
                }
            },
            "10": {
                "lsh": {
                    "Precision@k": 0.9680851063829787,
                    "Recall@k": 0.08141156460830187,
                    "MAP": 0.08141156460830187,
                    "Approx Quality": 0.7069148936170214,
                    "Query Time(ms)": 0.045186661659403056
                },
                "bf": {
                    "Precision@k": 0.9654255319148937,
                    "Recall@k": 0.12651397354260802,
                    "MAP": 0.12052991572379887,
                    "Query Time(ms)": 0.019050659017359955
                },
                "index": {
                    "construction_time_s": 0.0071,
                    "table_mem_bytes": 22800,
                    "table_mem_kb": 22.27
                }
            },
            "20": {
                "lsh": {
                    "Precision@k": 0.9654910820329354,
                    "Recall@k": 0.13237452070206332,
                    "MAP": 0.13232467104553444,
                    "Approx Quality": 0.5904255319148937,
                    "Query Time(ms)": 0.04570788525520487
                },
                "bf": {
                    "Precision@k": 0.9497340425531916,
                    "Recall@k": 0.23713615360647364,
                    "MAP": 0.22483898289424967,
                    "Query Time(ms)": 0.01849392627147918
                },
                "index": {
                    "construction_time_s": 0.0071,
                    "table_mem_bytes": 22800,
                    "table_mem_kb": 22.27
                }
            }
        },
        "untrained": {
            "5": {
                "lsh": {
                    "Precision@k": 0.9188829787234043,
                    "Recall@k": 0.04304923540500341,
                    "MAP": 0.04243250895326168,
                    "Approx Quality": 0.7999999999999999,
                    "Query Time(ms)": 0.0791029727205317
                },
                "bf": {
                    "Precision@k": 0.897872340425532,
                    "Recall@k": 0.05244706186379578,
                    "MAP": 0.05097440029023415,
                    "Query Time(ms)": 0.01746923365491502
                },
                "index": {
                    "construction_time_s": 0.0063,
                    "table_mem_bytes": 2400,
                    "table_mem_kb": 2.34
                }
            },
            "10": {
                "lsh": {
                    "Precision@k": 0.8687943262411346,
                    "Recall@k": 0.09046493615740132,
                    "MAP": 0.08519418666785629,
                    "Approx Quality": 0.9000000000000002,
                    "Query Time(ms)": 0.07766104759053981
                },
                "bf": {
                    "Precision@k": 0.8611702127659576,
                    "Recall@k": 0.09932291134993922,
                    "MAP": 0.09332154097038269,
                    "Query Time(ms)": 0.017248569650852936
                },
                "index": {
                    "construction_time_s": 0.0063,
                    "table_mem_bytes": 2400,
                    "table_mem_kb": 2.34
                }
            },
            "20": {
                "lsh": {
                    "Precision@k": 0.7782754759238519,
                    "Recall@k": 0.1682322422965033,
                    "MAP": 0.15120875183519625,
                    "Approx Quality": 0.95,
                    "Query Time(ms)": 0.07739219259708485
                },
                "bf": {
                    "Precision@k": 0.772340425531915,
                    "Recall@k": 0.17550160177501395,
                    "MAP": 0.15698123000881917,
                    "Query Time(ms)": 0.017550397426524058
                },
                "index": {
                    "construction_time_s": 0.0063,
                    "table_mem_bytes": 2400,
                    "table_mem_kb": 2.34
                }
            }
        }
    }
}