{
    "dataset": "mutag",
    "gt_type": "ged",
    "w_grid_search": {
        "0.5": {
            "Recall@10": 0.04305225789542283,
            "build_ms": 12.424468994140625,
            "query_ms": 0.10485119289822048
        },
        "1.0": {
            "Recall@10": 0.07787073335843163,
            "build_ms": 16.728639602661133,
            "query_ms": 0.14670689900716147
        },
        "2.0": {
            "Recall@10": 0.1056421607378243,
            "build_ms": 17.05765724182129,
            "query_ms": 0.13261371188693577
        },
        "4.0": {
            "Recall@10": 0.1056421607378243,
            "build_ms": 9.531259536743164,
            "query_ms": 0.12889173295762804
        }
    },
    "best_w": 2.0,
    "L_ablation": {
        "5": {
            "build_time_s": 0.0052,
            "memory_kb": 6.85,
            "metrics": {
                "5": {
                    "Precision@k": 0.9587765957446809,
                    "Recall@k": 0.04759847797965757,
                    "MAP": 0.04534797168151801,
                    "Approx Quality": 0.751063829787234,
                    "Query Time(ms)": 0.07474549273227124,
                    "BF Time(ms)": 0.0379288450200507
                },
                "10": {
                    "Precision@k": 0.942154255319149,
                    "Recall@k": 0.09958904054992261,
                    "MAP": 0.09511797638949267,
                    "Approx Quality": 0.7952127659574472,
                    "Query Time(ms)": 0.08986097701052402,
                    "BF Time(ms)": 0.043224781117540724
                },
                "20": {
                    "Precision@k": 0.9110798114433415,
                    "Recall@k": 0.17898441070629034,
                    "MAP": 0.17305269116229496,
                    "Approx Quality": 0.7289893617021277,
                    "Query Time(ms)": 0.07932744127638797,
                    "BF Time(ms)": 0.0312746839320406
                }
            }
        },
        "10": {
            "build_time_s": 0.0107,
            "memory_kb": 14.25,
            "metrics": {
                "5": {
                    "Precision@k": 0.9725177304964538,
                    "Recall@k": 0.051347560885013424,
                    "MAP": 0.04912123253658371,
                    "Approx Quality": 0.7840425531914892,
                    "Query Time(ms)": 0.13271925297189266,
                    "BF Time(ms)": 0.038524891467804606
                },
                "10": {
                    "Precision@k": 0.9686761229314421,
                    "Recall@k": 0.10445440271839873,
                    "MAP": 0.10135544099683513,
                    "Approx Quality": 0.8654255319148939,
                    "Query Time(ms)": 0.13634118627994618,
                    "BF Time(ms)": 0.03935301557500312
                },
                "20": {
                    "Precision@k": 0.9542571218908006,
                    "Recall@k": 0.20270905513428047,
                    "MAP": 0.197580926543915,
                    "Approx Quality": 0.8803191489361702,
                    "Query Time(ms)": 0.15725227112465717,
                    "BF Time(ms)": 0.043185467415667596
                }
            }
        },
        "20": {
            "build_time_s": 0.0377,
            "memory_kb": 27.41,
            "metrics": {
                "5": {
                    "Precision@k": 0.976063829787234,
                    "Recall@k": 0.05355737718626476,
                    "MAP": 0.05159700628464356,
                    "Approx Quality": 0.7893617021276594,
                    "Query Time(ms)": 0.17060878429007023,
                    "BF Time(ms)": 0.03330758277406084
                },
                "10": {
                    "Precision@k": 0.9677790442418103,
                    "Recall@k": 0.10917592254892994,
                    "MAP": 0.10616253791917801,
                    "Approx Quality": 0.8739361702127664,
                    "Query Time(ms)": 0.2427456226754696,
                    "BF Time(ms)": 0.04272131209677838
                },
                "20": {
                    "Precision@k": 0.9540903491092049,
                    "Recall@k": 0.2129116173853375,
                    "MAP": 0.20496725635997576,
                    "Approx Quality": 0.8960106382978723,
                    "Query Time(ms)": 0.2555428667271391,
                    "BF Time(ms)": 0.04351646342176072
                }
            }
        }
    },
    "K_fixed": 4
}