{
  "oracle": {
    "pearson": "0.8228072",
    "spearman": 0.8029729400316605,
    "agreement": 0.7896802821708955,
    "tp": 7536,
    "tn": 6345,
    "fp": 2108,
    "fn": 1589
  },
  "candidate_sizes": {
    "mutag": {
      "mean": 16.170212765957448,
      "median": 14.0,
      "min": 1,
      "max": 38,
      "std": 9.455537944880295,
      "corpus_size": 188
    },
    "proteins": {
      "mean": 626.7358490566038,
      "median": 714.0,
      "min": 1,
      "max": 916,
      "std": 263.8514249139672,
      "corpus_size": 1113
    },
    "aids": {
      "mean": 851.217,
      "median": 1021.5,
      "min": 1,
      "max": 1451,
      "std": 463.02726152031266,
      "corpus_size": 2000
    },
    "imdb-binary": {
      "mean": 28.926,
      "median": 22.0,
      "min": 1,
      "max": 83,
      "std": 23.574488838572936,
      "corpus_size": 1000
    },
    "reddit-binary": {
      "mean": 1176.575,
      "median": 1167.0,
      "min": 662,
      "max": 1998,
      "std": 242.55826593831017,
      "corpus_size": 2000
    }
  },
  "scaling": {
    "sizes": [
      200,
      500,
      1000,
      1500,
      2000
    ],
    "lsh_times": [
      0.0737619400024414,
      0.10243892669677734,
      0.1737070083618164,
      0.3223276138305664,
      0.2739572525024414
    ],
    "bf_times": [
      0.021991729736328125,
      0.04219532012939453,
      0.08687973022460938,
      0.1171875,
      0.17667293548583984
    ],
    "cand_sizes": [
      120.54,
      251.44,
      545.18,
      1446.68,
      934.14
    ],
    "speedup": [
      0.2981446764496735,
      0.41190708932644415,
      0.5001509786159378,
      0.3635664304628904,
      0.6448923467878092
    ]
  },
  "nn_purity": {
    "mutag": {
      "5": 0.827659574468085,
      "10": 0.7914893617021277,
      "20": 0.7792553191489362
    },
    "proteins": {
      "5": 0.6652291105121294,
      "10": 0.6620844564240791,
      "20": 0.6578616352201259
    },
    "aids": {
      "5": 0.9885999999999999,
      "10": 0.9875,
      "20": 0.9867250000000001
    },
    "imdb-binary": {
      "5": 0.6504000000000001,
      "10": 0.6474,
      "20": 0.6441
    },
    "reddit-binary": {
      "5": 0.866,
      "10": 0.8662000000000001,
      "20": 0.8665750000000001
    }
  },
  "retrieval_examples": {
    "0": {
      "query": {
        "index": 0,
        "nodes": 17,
        "edges": 19,
        "class": "1"
      },
      "results": [
        {
          "index": 43,
          "nodes": 17,
          "edges": 19,
          "class": 1,
          "distance": 9.671989573689643e-07
        },
        {
          "index": 47,
          "nodes": 17,
          "edges": 19,
          "class": 1,
          "distance": 0.017553016543388367
        },
        {
          "index": 10,
          "nodes": 17,
          "edges": 19,
          "class": 1,
          "distance": 0.03024316392838955
        },
        {
          "index": 9,
          "nodes": 17,
          "edges": 19,
          "class": 1,
          "distance": 0.08484655618667603
        },
        {
          "index": 21,
          "nodes": 17,
          "edges": 19,
          "class": 1,
          "distance": 0.12447763234376907
        }
      ]
    },
    "50": {
      "query": {
        "index": 50,
        "nodes": 26,
        "edges": 30,
        "class": "1"
      },
      "results": [
        {
          "index": 160,
          "nodes": 26,
          "edges": 30,
          "class": 1,
          "distance": 1.976075964194024e-06
        },
        {
          "index": 70,
          "nodes": 26,
          "edges": 30,
          "class": 1,
          "distance": 0.006144339684396982
        },
        {
          "index": 51,
          "nodes": 26,
          "edges": 30,
          "class": 1,
          "distance": 0.017185576260089874
        },
        {
          "index": 90,
          "nodes": 25,
          "edges": 29,
          "class": 1,
          "distance": 1.12312650680542
        },
        {
          "index": 57,
          "nodes": 25,
          "edges": 29,
          "class": 1,
          "distance": 1.12360417842865
        }
      ]
    },
    "100": {
      "query": {
        "index": 100,
        "nodes": 23,
        "edges": 27,
        "class": "1"
      },
      "results": [
        {
          "index": 92,
          "nodes": 23,
          "edges": 27,
          "class": 1,
          "distance": 1.7277637880397378e-06
        },
        {
          "index": 103,
          "nodes": 23,
          "edges": 27,
          "class": 1,
          "distance": 0.006144242361187935
        },
        {
          "index": 89,
          "nodes": 23,
          "edges": 27,
          "class": 1,
          "distance": 0.006144255865365267
        },
        {
          "index": 84,
          "nodes": 23,
          "edges": 27,
          "class": 1,
          "distance": 0.020497817546129227
        },
        {
          "index": 58,
          "nodes": 23,
          "edges": 27,
          "class": 1,
          "distance": 0.02051262930035591
        }
      ]
    }
  }
}