{
    "dataset": "imdb-binary",
    "mode": "both",
    "gt_meta": {
        "type": "ged",
        "method": "beam",
        "threshold": 61.0
    },
    "metrics": {
        "trained": {
            "5": {
                "lsh": {
                    "Precision@k": 0.8406166666666667,
                    "Recall@k": 0.01434796497069993,
                    "MAP": 0.013246021396116196,
                    "Approx Quality": 0.4304,
                    "Query Time(ms)": 0.09175729751586914
                },
                "bf": {
                    "Precision@k": 0.8866,
                    "Recall@k": 0.021715904522942836,
                    "MAP": 0.01798026312765571,
                    "Query Time(ms)": 0.12869000434875488
                },
                "index": {
                    "construction_time_s": 0.0627,
                    "table_mem_bytes": 185280,
                    "table_mem_kb": 180.94
                }
            },
            "10": {
                "lsh": {
                    "Precision@k": 0.828829761904762,
                    "Recall@k": 0.0263000159042977,
                    "MAP": 0.02303815832064676,
                    "Approx Quality": 0.43750000000000006,
                    "Query Time(ms)": 0.08959078788757324
                },
                "bf": {
                    "Precision@k": 0.8857,
                    "Recall@k": 0.04143715452830752,
                    "MAP": 0.03258157447332549,
                    "Query Time(ms)": 0.12405228614807129
                },
                "index": {
                    "construction_time_s": 0.0627,
                    "table_mem_bytes": 185280,
                    "table_mem_kb": 180.94
                }
            },
            "20": {
                "lsh": {
                    "Precision@k": 0.8219406907076411,
                    "Recall@k": 0.04389676305400564,
                    "MAP": 0.03778763554402788,
                    "Approx Quality": 0.39794999999999997,
                    "Query Time(ms)": 0.08977818489074707
                },
                "bf": {
                    "Precision@k": 0.8716499999999998,
                    "Recall@k": 0.07404567705929435,
                    "MAP": 0.057698436516772006,
                    "Query Time(ms)": 0.12494611740112305
                },
                "index": {
                    "construction_time_s": 0.0627,
                    "table_mem_bytes": 185280,
                    "table_mem_kb": 180.94
                }
            }
        },
        "untrained": {
            "5": {
                "lsh": {
                    "Precision@k": 0.88475,
                    "Recall@k": 0.021916641753008708,
                    "MAP": 0.020577010867929787,
                    "Approx Quality": 0.7152000000000001,
                    "Query Time(ms)": 0.36460399627685547
                },
                "bf": {
                    "Precision@k": 0.873,
                    "Recall@k": 0.02600143332972589,
                    "MAP": 0.023134536103719423,
                    "Query Time(ms)": 0.12769484519958496
                },
                "index": {
                    "construction_time_s": 0.0525,
                    "table_mem_bytes": 6992,
                    "table_mem_kb": 6.83
                }
            },
            "10": {
                "lsh": {
                    "Precision@k": 0.8696666666666667,
                    "Recall@k": 0.043551917849192295,
                    "MAP": 0.03896483726014365,
                    "Approx Quality": 0.8186000000000001,
                    "Query Time(ms)": 0.36891603469848633
                },
                "bf": {
                    "Precision@k": 0.8589000000000001,
                    "Recall@k": 0.045942290707478205,
                    "MAP": 0.040334965424312405,
                    "Query Time(ms)": 0.12885522842407227
                },
                "index": {
                    "construction_time_s": 0.0525,
                    "table_mem_bytes": 6992,
                    "table_mem_kb": 6.83
                }
            },
            "20": {
                "lsh": {
                    "Precision@k": 0.8398947368421054,
                    "Recall@k": 0.07817860847331366,
                    "MAP": 0.06962225752525478,
                    "Approx Quality": 0.8972999999999999,
                    "Query Time(ms)": 0.3723330497741699
                },
                "bf": {
                    "Precision@k": 0.83385,
                    "Recall@k": 0.08070811801980643,
                    "MAP": 0.07013892025518642,
                    "Query Time(ms)": 0.1305699348449707
                },
                "index": {
                    "construction_time_s": 0.0525,
                    "table_mem_bytes": 6992,
                    "table_mem_kb": 6.83
                }
            }
        }
    }
}