{
    "dataset": "imdb-binary",
    "mode": "both",
    "metrics": {
        "trained": {
            "5": {
                "lsh": {
                    "Precision@k": 0.69045,
                    "Recall@k": 0.006042084168336672,
                    "MAP": 0.005682598530394121,
                    "Approx Quality": 0.386,
                    "Query Time(ms)": 0.10028553009033203
                },
                "bf": {
                    "Precision@k": 0.7308000000000001,
                    "Recall@k": 0.007322645290581161,
                    "MAP": 0.00681132264529058,
                    "Query Time(ms)": 0.07637906074523926
                }
            },
            "10": {
                "lsh": {
                    "Precision@k": 0.6801309523809523,
                    "Recall@k": 0.012084168336673346,
                    "MAP": 0.010927547953048953,
                    "Approx Quality": 0.404,
                    "Query Time(ms)": 0.09997820854187012
                },
                "bf": {
                    "Precision@k": 0.7082999999999999,
                    "Recall@k": 0.014194388777555108,
                    "MAP": 0.012494869103285936,
                    "Query Time(ms)": 0.0763387680053711
                }
            },
            "20": {
                "lsh": {
                    "Precision@k": 0.6738180456798104,
                    "Recall@k": 0.023208416833667332,
                    "MAP": 0.02026353509233968,
                    "Approx Quality": 0.4126,
                    "Query Time(ms)": 0.10055088996887207
                },
                "bf": {
                    "Precision@k": 0.71775,
                    "Recall@k": 0.02876753507014028,
                    "MAP": 0.024633264519257785,
                    "Query Time(ms)": 0.07645511627197266
                }
            }
        },
        "untrained": {
            "5": {
                "lsh": {
                    "Precision@k": 0.4182,
                    "Recall@k": 0.002773547094188377,
                    "MAP": 0.002512358049432197,
                    "Approx Quality": 0.2924,
                    "Query Time(ms)": 0.0436396598815918
                },
                "bf": {
                    "Precision@k": 0.6624000000000001,
                    "Recall@k": 0.006637274549098196,
                    "MAP": 0.00577000668002672,
                    "Query Time(ms)": 0.07050466537475586
                }
            },
            "10": {
                "lsh": {
                    "Precision@k": 0.4184603174603175,
                    "Recall@k": 0.004913827655310622,
                    "MAP": 0.004245709673314884,
                    "Approx Quality": 0.29830000000000007,
                    "Query Time(ms)": 0.04360628128051758
                },
                "bf": {
                    "Precision@k": 0.6466999999999999,
                    "Recall@k": 0.01295991983967936,
                    "MAP": 0.010614241976015522,
                    "Query Time(ms)": 0.07038688659667969
                }
            },
            "20": {
                "lsh": {
                    "Precision@k": 0.41376102786102786,
                    "Recall@k": 0.006803607214428857,
                    "MAP": 0.005651827000287931,
                    "Approx Quality": 0.22540000000000002,
                    "Query Time(ms)": 0.04420065879821777
                },
                "bf": {
                    "Precision@k": 0.6304500000000001,
                    "Recall@k": 0.0252685370741483,
                    "MAP": 0.019624280327692957,
                    "Query Time(ms)": 0.07129669189453125
                }
            }
        }
    }
}