{
    "dataset": "imdb-binary",
    "gt_type": "ged",
    "w_grid_search": {
        "0.5": {
            "Recall@10": 0.021600464669486185,
            "build_ms": 41.12958908081055,
            "query_ms": 0.0487828254699707
        },
        "1.0": {
            "Recall@10": 0.026800930494970752,
            "build_ms": 155.5030345916748,
            "query_ms": 0.05628824234008789
        },
        "2.0": {
            "Recall@10": 0.037631801705008655,
            "build_ms": 29.093503952026367,
            "query_ms": 0.07609128952026367
        },
        "4.0": {
            "Recall@10": 0.04404036810791173,
            "build_ms": 28.3358097076416,
            "query_ms": 0.13753890991210938
        }
    },
    "best_w": 4.0,
    "L_ablation": {
        "5": {
            "build_time_s": 0.0157,
            "memory_kb": 15.87,
            "metrics": {
                "5": {
                    "Precision@k": 0.9028999999999999,
                    "Recall@k": 0.018342729255622955,
                    "MAP": 0.016345824906374873,
                    "Approx Quality": 0.6752,
                    "Query Time(ms)": 0.10215330123901367,
                    "BF Time(ms)": 0.07118582725524902
                },
                "10": {
                    "Precision@k": 0.8883916666666667,
                    "Recall@k": 0.035681051580360855,
                    "MAP": 0.03021315247702578,
                    "Approx Quality": 0.7587000000000002,
                    "Query Time(ms)": 0.10225939750671387,
                    "BF Time(ms)": 0.07104635238647461
                },
                "20": {
                    "Precision@k": 0.87174882164619,
                    "Recall@k": 0.06517255497521884,
                    "MAP": 0.05474952504331976,
                    "Approx Quality": 0.79125,
                    "Query Time(ms)": 0.10367560386657715,
                    "BF Time(ms)": 0.07392406463623047
                }
            }
        },
        "10": {
            "build_time_s": 0.0313,
            "memory_kb": 24.63,
            "metrics": {
                "5": {
                    "Precision@k": 0.90375,
                    "Recall@k": 0.020085417361512477,
                    "MAP": 0.01718507552584279,
                    "Approx Quality": 0.7072,
                    "Query Time(ms)": 0.15174150466918945,
                    "BF Time(ms)": 0.07136750221252441
                },
                "10": {
                    "Precision@k": 0.8955650793650793,
                    "Recall@k": 0.03843575395336388,
                    "MAP": 0.031948081777070314,
                    "Approx Quality": 0.7893000000000002,
                    "Query Time(ms)": 0.15139532089233398,
                    "BF Time(ms)": 0.07144546508789062
                },
                "20": {
                    "Precision@k": 0.878988909774436,
                    "Recall@k": 0.07012926460337196,
                    "MAP": 0.05793800061338925,
                    "Approx Quality": 0.8449999999999998,
                    "Query Time(ms)": 0.15182209014892578,
                    "BF Time(ms)": 0.07183241844177246
                }
            }
        },
        "20": {
            "build_time_s": 0.0619,
            "memory_kb": 55.52,
            "metrics": {
                "5": {
                    "Precision@k": 0.9011,
                    "Recall@k": 0.01972758716777859,
                    "MAP": 0.01674805597173352,
                    "Approx Quality": 0.7080000000000001,
                    "Query Time(ms)": 0.22252368927001953,
                    "BF Time(ms)": 0.07136726379394531
                },
                "10": {
                    "Precision@k": 0.89685,
                    "Recall@k": 0.039935702697520115,
                    "MAP": 0.03215359342487272,
                    "Approx Quality": 0.8040000000000003,
                    "Query Time(ms)": 0.22278618812561035,
                    "BF Time(ms)": 0.07114291191101074
                },
                "20": {
                    "Precision@k": 0.8785052631578947,
                    "Recall@k": 0.07245031914180206,
                    "MAP": 0.05805838395820577,
                    "Approx Quality": 0.8705999999999998,
                    "Query Time(ms)": 0.2227168083190918,
                    "BF Time(ms)": 0.07145428657531738
                }
            }
        }
    },
    "K_fixed": 4
}