{
    "dataset": "reddit-binary",
    "mode": "both",
    "gt_meta": {
        "type": "ged",
        "method": "beam",
        "threshold": 57.5
    },
    "metrics": {
        "trained": {
            "5": {
                "lsh": {
                    "Precision@k": 0.844875,
                    "Recall@k": 0.0034479762409972297,
                    "MAP": 0.003283729476873871,
                    "Approx Quality": 0.8000000000000002,
                    "Query Time(ms)": 0.4832470417022705
                },
                "bf": {
                    "Precision@k": 0.8425,
                    "Recall@k": 0.004297897560503309,
                    "MAP": 0.004069352567505464,
                    "Query Time(ms)": 0.29769110679626465
                },
                "index": {
                    "construction_time_s": 0.1192,
                    "table_mem_bytes": 7272,
                    "table_mem_kb": 7.1
                }
            },
            "10": {
                "lsh": {
                    "Precision@k": 0.8397222222222223,
                    "Recall@k": 0.007708123567678894,
                    "MAP": 0.007188887376223932,
                    "Approx Quality": 0.9000000000000002,
                    "Query Time(ms)": 0.47267258167266846
                },
                "bf": {
                    "Precision@k": 0.8397,
                    "Recall@k": 0.008564838174802898,
                    "MAP": 0.007965302605016322,
                    "Query Time(ms)": 0.3020472526550293
                },
                "index": {
                    "construction_time_s": 0.1192,
                    "table_mem_bytes": 7272,
                    "table_mem_kb": 7.1
                }
            },
            "20": {
                "lsh": {
                    "Precision@k": 0.8397368421052631,
                    "Recall@k": 0.0162754615123179,
                    "MAP": 0.014952546051296013,
                    "Approx Quality": 0.9496249999999997,
                    "Query Time(ms)": 0.47448980808258057
                },
                "bf": {
                    "Precision@k": 0.839725,
                    "Recall@k": 0.017130757874324998,
                    "MAP": 0.01572506072871388,
                    "Query Time(ms)": 0.297304630279541
                },
                "index": {
                    "construction_time_s": 0.1192,
                    "table_mem_bytes": 7272,
                    "table_mem_kb": 7.1
                }
            }
        },
        "untrained": {
            "5": {
                "lsh": {
                    "Precision@k": 0.758,
                    "Recall@k": 0.0031008868412444484,
                    "MAP": 0.0028566515105673666,
                    "Approx Quality": 0.8000000000000002,
                    "Query Time(ms)": 0.7398713827133179
                },
                "bf": {
                    "Precision@k": 0.7553,
                    "Recall@k": 0.003861346889754133,
                    "MAP": 0.0035114229715407074,
                    "Query Time(ms)": 0.26989543437957764
                },
                "index": {
                    "construction_time_s": 0.104,
                    "table_mem_bytes": 3040,
                    "table_mem_kb": 2.97
                }
            },
            "10": {
                "lsh": {
                    "Precision@k": 0.7411666666666668,
                    "Recall@k": 0.0068170725205205385,
                    "MAP": 0.006003963986656292,
                    "Approx Quality": 0.9000000000000002,
                    "Query Time(ms)": 0.7419489622116089
                },
                "bf": {
                    "Precision@k": 0.7404000000000001,
                    "Recall@k": 0.007567149682833939,
                    "MAP": 0.006619684432484963,
                    "Query Time(ms)": 0.27279698848724365
                },
                "index": {
                    "construction_time_s": 0.104,
                    "table_mem_bytes": 3040,
                    "table_mem_kb": 2.97
                }
            },
            "20": {
                "lsh": {
                    "Precision@k": 0.7261315789473684,
                    "Recall@k": 0.01410275650784928,
                    "MAP": 0.01194146333951953,
                    "Approx Quality": 0.9499999999999997,
                    "Query Time(ms)": 0.7411748170852661
                },
                "bf": {
                    "Precision@k": 0.725075,
                    "Recall@k": 0.014823186033109163,
                    "MAP": 0.012521037277245177,
                    "Query Time(ms)": 0.270052433013916
                },
                "index": {
                    "construction_time_s": 0.104,
                    "table_mem_bytes": 3040,
                    "table_mem_kb": 2.97
                }
            }
        }
    }
}