{
    "dataset": "reddit-binary",
    "mode": "both",
    "metrics": {
        "trained": {
            "5": {
                "lsh": {
                    "Precision@k": 0.670875,
                    "Recall@k": 0.002643643643643644,
                    "MAP": 0.002407741074407741,
                    "Approx Quality": 0.6819000000000001,
                    "Query Time(ms)": 0.2369474172592163
                },
                "bf": {
                    "Precision@k": 0.7374,
                    "Recall@k": 0.0036906906906906903,
                    "MAP": 0.003317901234567901,
                    "Query Time(ms)": 0.1487363576889038
                }
            },
            "10": {
                "lsh": {
                    "Precision@k": 0.6601676587301587,
                    "Recall@k": 0.005733233233233234,
                    "MAP": 0.004933721618443841,
                    "Approx Quality": 0.7725500000000002,
                    "Query Time(ms)": 0.2356959581375122
                },
                "bf": {
                    "Precision@k": 0.7338,
                    "Recall@k": 0.007345345345345345,
                    "MAP": 0.006395128461795128,
                    "Query Time(ms)": 0.14839494228363037
                }
            },
            "20": {
                "lsh": {
                    "Precision@k": 0.6548177318295739,
                    "Recall@k": 0.011843343343343344,
                    "MAP": 0.009816769645768617,
                    "Approx Quality": 0.81385,
                    "Query Time(ms)": 0.23660409450531006
                },
                "bf": {
                    "Precision@k": 0.73075,
                    "Recall@k": 0.01462962962962963,
                    "MAP": 0.012453758692479881,
                    "Query Time(ms)": 0.14879977703094482
                }
            }
        },
        "untrained": {
            "5": {
                "lsh": {
                    "Precision@k": 0.0025,
                    "Recall@k": 4.004004004004004e-06,
                    "MAP": 4.004004004004004e-06,
                    "Approx Quality": 0.0008,
                    "Query Time(ms)": 0.044008851051330566
                },
                "bf": {
                    "Precision@k": 0.7675,
                    "Recall@k": 0.0038413413413413413,
                    "MAP": 0.0035367867867867864,
                    "Query Time(ms)": 0.13596534729003906
                }
            },
            "10": {
                "lsh": {
                    "Precision@k": 0.0025,
                    "Recall@k": 4.004004004004004e-06,
                    "MAP": 4.004004004004004e-06,
                    "Approx Quality": 0.0004,
                    "Query Time(ms)": 0.04335474967956543
                },
                "bf": {
                    "Precision@k": 0.7494000000000001,
                    "Recall@k": 0.007501501501501501,
                    "MAP": 0.0066652330902330905,
                    "Query Time(ms)": 0.1357971429824829
                }
            },
            "20": {
                "lsh": {
                    "Precision@k": 0.0025,
                    "Recall@k": 4.004004004004004e-06,
                    "MAP": 4.004004004004004e-06,
                    "Approx Quality": 0.0002,
                    "Query Time(ms)": 0.04324626922607422
                },
                "bf": {
                    "Precision@k": 0.7309,
                    "Recall@k": 0.014632632632632632,
                    "MAP": 0.012593963992803001,
                    "Query Time(ms)": 0.13618242740631104
                }
            }
        }
    }
}