{
    "dataset": "reddit-binary",
    "gt_type": "ged",
    "w_grid_search": {
        "0.5": {
            "Recall@10": 0.009488922235390683,
            "build_ms": 62.08157539367676,
            "query_ms": 0.19863367080688477
        },
        "1.0": {
            "Recall@10": 0.009466475546277326,
            "build_ms": 55.27091026306152,
            "query_ms": 0.31311511993408203
        },
        "2.0": {
            "Recall@10": 0.009466475546277326,
            "build_ms": 55.399417877197266,
            "query_ms": 0.4177534580230713
        },
        "4.0": {
            "Recall@10": 0.009466475546277326,
            "build_ms": 55.344343185424805,
            "query_ms": 0.421750545501709
        }
    },
    "best_w": 0.5,
    "L_ablation": {
        "5": {
            "build_time_s": 0.0313,
            "memory_kb": 13.5,
            "metrics": {
                "5": {
                    "Precision@k": 0.8430416666666666,
                    "Recall@k": 0.0034383393617241566,
                    "MAP": 0.003274128477398027,
                    "Approx Quality": 0.7908000000000002,
                    "Query Time(ms)": 0.13749182224273682,
                    "BF Time(ms)": 0.14504384994506836
                },
                "10": {
                    "Precision@k": 0.8391680555555556,
                    "Recall@k": 0.007687211272003423,
                    "MAP": 0.00716765435126279,
                    "Approx Quality": 0.8795500000000002,
                    "Query Time(ms)": 0.13650786876678467,
                    "BF Time(ms)": 0.14590537548065186
                },
                "20": {
                    "Precision@k": 0.8382419621314359,
                    "Recall@k": 0.016179134381225705,
                    "MAP": 0.014872938626873942,
                    "Approx Quality": 0.9143749999999998,
                    "Query Time(ms)": 0.136887788772583,
                    "BF Time(ms)": 0.1469501256942749
                }
            }
        },
        "10": {
            "build_time_s": 0.0619,
            "memory_kb": 28.52,
            "metrics": {
                "5": {
                    "Precision@k": 0.84475,
                    "Recall@k": 0.0034474021881843704,
                    "MAP": 0.0032847271887313473,
                    "Approx Quality": 0.7978000000000002,
                    "Query Time(ms)": 0.20837748050689697,
                    "BF Time(ms)": 0.14908146858215332
                },
                "10": {
                    "Precision@k": 0.8393333333333334,
                    "Recall@k": 0.00770462006417539,
                    "MAP": 0.007187732557818129,
                    "Approx Quality": 0.8944500000000003,
                    "Query Time(ms)": 0.202964186668396,
                    "BF Time(ms)": 0.1461656093597412
                },
                "20": {
                    "Precision@k": 0.8403830409356725,
                    "Recall@k": 0.016284368255599646,
                    "MAP": 0.014963543620642485,
                    "Approx Quality": 0.9381499999999996,
                    "Query Time(ms)": 0.2029653787612915,
                    "BF Time(ms)": 0.14650487899780273
                }
            }
        },
        "20": {
            "build_time_s": 0.1232,
            "memory_kb": 60.26,
            "metrics": {
                "5": {
                    "Precision@k": 0.84475,
                    "Recall@k": 0.0034474757404967297,
                    "MAP": 0.0032831288161169606,
                    "Approx Quality": 0.7998000000000002,
                    "Query Time(ms)": 0.24954330921173096,
                    "BF Time(ms)": 0.14688003063201904
                },
                "10": {
                    "Precision@k": 0.8396111111111111,
                    "Recall@k": 0.007706921644601971,
                    "MAP": 0.007187364743624911,
                    "Approx Quality": 0.8991000000000002,
                    "Query Time(ms)": 0.24905335903167725,
                    "BF Time(ms)": 0.14717864990234375
                },
                "20": {
                    "Precision@k": 0.8397105263157895,
                    "Recall@k": 0.01627425778455167,
                    "MAP": 0.014951604548687334,
                    "Approx Quality": 0.9478499999999996,
                    "Query Time(ms)": 0.25005674362182617,
                    "BF Time(ms)": 0.14765703678131104
                }
            }
        }
    },
    "K_fixed": 4
}