{
    "dataset": "aids",
    "mode": "both",
    "metrics": {
        "trained": {
            "5": {
                "lsh": {
                    "Precision@k": 0.992,
                    "Recall@k": 0.0038280198620378324,
                    "MAP": 0.003826065515571291,
                    "Approx Quality": 0.7852000000000001,
                    "Query Time(ms)": 0.1301943063735962
                },
                "bf": {
                    "Precision@k": 0.9961,
                    "Recall@k": 0.00497306352184401,
                    "MAP": 0.004969894874772924,
                    "Query Time(ms)": 0.14569604396820068
                }
            },
            "10": {
                "lsh": {
                    "Precision@k": 0.9918888888888889,
                    "Recall@k": 0.008022902001721,
                    "MAP": 0.008018222737895396,
                    "Approx Quality": 0.8594000000000002,
                    "Query Time(ms)": 0.12947893142700195
                },
                "bf": {
                    "Precision@k": 0.99625,
                    "Recall@k": 0.00994142250560736,
                    "MAP": 0.009934815201439079,
                    "Query Time(ms)": 0.14634430408477783
                }
            },
            "20": {
                "lsh": {
                    "Precision@k": 0.991721052631579,
                    "Recall@k": 0.014645177672135313,
                    "MAP": 0.01463525910032098,
                    "Approx Quality": 0.8607499999999998,
                    "Query Time(ms)": 0.1308281421661377
                },
                "bf": {
                    "Precision@k": 0.995675,
                    "Recall@k": 0.019859665580461473,
                    "MAP": 0.019845823043361705,
                    "Query Time(ms)": 0.1468656063079834
                }
            }
        },
        "untrained": {
            "5": {
                "lsh": {
                    "Precision@k": 0.995125,
                    "Recall@k": 0.003916042451344119,
                    "MAP": 0.003915234654804615,
                    "Approx Quality": 0.7901000000000001,
                    "Query Time(ms)": 0.25356101989746094
                },
                "bf": {
                    "Precision@k": 0.9964000000000001,
                    "Recall@k": 0.004973061170750516,
                    "MAP": 0.0049713517690411135,
                    "Query Time(ms)": 0.1502934694290161
                }
            },
            "10": {
                "lsh": {
                    "Precision@k": 0.9947777777777779,
                    "Recall@k": 0.008694242642252914,
                    "MAP": 0.00868983993886112,
                    "Approx Quality": 0.8755000000000003,
                    "Query Time(ms)": 0.2552875280380249
                },
                "bf": {
                    "Precision@k": 0.99625,
                    "Recall@k": 0.009941422505607358,
                    "MAP": 0.009935885040410073,
                    "Query Time(ms)": 0.15658950805664062
                }
            },
            "20": {
                "lsh": {
                    "Precision@k": 0.993593984962406,
                    "Recall@k": 0.01783556216996525,
                    "MAP": 0.01782506029741213,
                    "Approx Quality": 0.9031749999999997,
                    "Query Time(ms)": 0.2572733163833618
                },
                "bf": {
                    "Precision@k": 0.995225,
                    "Recall@k": 0.019846513563458363,
                    "MAP": 0.019833475572591137,
                    "Query Time(ms)": 0.15731477737426758
                }
            }
        }
    }
}