{
    "dataset": "aids",
    "gt_type": "ged",
    "w_grid_search": {
        "0.5": {
            "Recall@10": 0.01784992411136494,
            "build_ms": 121.81806564331055,
            "query_ms": 0.1520705223083496
        },
        "1.0": {
            "Recall@10": 0.01922709236232774,
            "build_ms": 55.92226982116699,
            "query_ms": 0.2020704746246338
        },
        "2.0": {
            "Recall@10": 0.019185094130674336,
            "build_ms": 55.33242225646973,
            "query_ms": 0.2933359146118164
        },
        "4.0": {
            "Recall@10": 0.019185094130674336,
            "build_ms": 54.24809455871582,
            "query_ms": 0.39698004722595215
        }
    },
    "best_w": 1.0,
    "L_ablation": {
        "5": {
            "build_time_s": 0.0311,
            "memory_kb": 18.23,
            "metrics": {
                "5": {
                    "Precision@k": 0.8594166666666667,
                    "Recall@k": 0.007626345138549566,
                    "MAP": 0.006945082220867049,
                    "Approx Quality": 0.7909,
                    "Query Time(ms)": 0.16225779056549072,
                    "BF Time(ms)": 0.1508944034576416
                },
                "10": {
                    "Precision@k": 0.8372734126984128,
                    "Recall@k": 0.015226525545174141,
                    "MAP": 0.012925985414525047,
                    "Approx Quality": 0.8825500000000002,
                    "Query Time(ms)": 0.1618415117263794,
                    "BF Time(ms)": 0.1509721279144287
                },
                "20": {
                    "Precision@k": 0.8152089282642881,
                    "Recall@k": 0.027213750791088027,
                    "MAP": 0.02176938780337371,
                    "Approx Quality": 0.9172749999999998,
                    "Query Time(ms)": 0.16277086734771729,
                    "BF Time(ms)": 0.15151619911193848
                }
            }
        },
        "10": {
            "build_time_s": 0.0615,
            "memory_kb": 38.84,
            "metrics": {
                "5": {
                    "Precision@k": 0.8604166666666666,
                    "Recall@k": 0.007697302575907224,
                    "MAP": 0.006977872350343236,
                    "Approx Quality": 0.7954000000000001,
                    "Query Time(ms)": 0.18995726108551025,
                    "BF Time(ms)": 0.15101563930511475
                },
                "10": {
                    "Precision@k": 0.8385972222222222,
                    "Recall@k": 0.01542288921310665,
                    "MAP": 0.01303641900222528,
                    "Approx Quality": 0.8901500000000002,
                    "Query Time(ms)": 0.19089388847351074,
                    "BF Time(ms)": 0.15169095993041992
                },
                "20": {
                    "Precision@k": 0.8185495374336706,
                    "Recall@k": 0.02851103209249325,
                    "MAP": 0.022400081214862488,
                    "Approx Quality": 0.9310999999999998,
                    "Query Time(ms)": 0.1909855604171753,
                    "BF Time(ms)": 0.1515718698501587
                }
            }
        },
        "20": {
            "build_time_s": 0.1225,
            "memory_kb": 72.94,
            "metrics": {
                "5": {
                    "Precision@k": 0.86075,
                    "Recall@k": 0.007683823131731374,
                    "MAP": 0.006980600342024213,
                    "Approx Quality": 0.7980000000000003,
                    "Query Time(ms)": 0.2708038091659546,
                    "BF Time(ms)": 0.15349853038787842
                },
                "10": {
                    "Precision@k": 0.8385555555555556,
                    "Recall@k": 0.015496872515890716,
                    "MAP": 0.013076279560793177,
                    "Approx Quality": 0.8961000000000002,
                    "Query Time(ms)": 0.27029871940612793,
                    "BF Time(ms)": 0.15264081954956055
                },
                "20": {
                    "Precision@k": 0.8181663875598087,
                    "Recall@k": 0.028936365726870434,
                    "MAP": 0.022578606912672883,
                    "Approx Quality": 0.9410499999999997,
                    "Query Time(ms)": 0.2703828811645508,
                    "BF Time(ms)": 0.15298938751220703
                }
            }
        }
    },
    "K_fixed": 4
}